{
  "version": "1.2.1",
  "manifest_version": 2,
  "name": "Themer Dark",
  "theme": {
    "colors": {
      "bookmark_text": [
        242,
        242,
        244
      ],
      "frame": [
        37,
        44,
        56
      ],
      "ntp_background": [
        66,
        72,
        83
      ],
      "ntp_text": [
        242,
        242,
        244
      ],
      "tab_background_text": [
        242,
        242,
        244
      ],
      "tab_background_text_inactive": [
        242,
        242,
        244
      ],
      "tab_background_text_incognito": [
        242,
        242,
        244
      ],
      "tab_background_text_incognito_inactive": [
        242,
        242,
        244
      ],
      "tab_text": [
        242,
        242,
        244
      ],
      "toolbar": [
        66,
        72,
        83
      ],
      "omnibox_text": [
        242,
        242,
        244
      ],
      "omnibox_background": [
        37,
        44,
        56
      ]
    },
    "tints": {
      "buttons": [
        0.04013961605584642,
        0.5,
        0.5
      ],
      "frame_inactive": [
        -1,
        -1,
        -1
      ],
      "frame_incognito": [
        0.5886939571150097,
        1,
        0.55
      ],
      "frame_incognito_inactive": [
        0.5886939571150097,
        1,
        0.55
      ]
    }
  }
}